{
    "mae": 0.25745373997482623,
    "mse": 0.154863461568511,
    "rmse": 0.3935269515147736,
    "r2": 0.9256492678193724
}