{
    "mae": 0.2574537399748295,
    "mse": 0.15486346156851263,
    "rmse": 0.39352695151477574,
    "r2": 0.9256492678193715
}