{
    "mae": 0.25011787756161835,
    "mse": 0.15386796120164634,
    "rmse": 0.39226006832412386,
    "r2": 0.9261272125870588
}