{
    "mae": 0.2501178775616184,
    "mse": 0.15386796120164634,
    "rmse": 0.39226006832412386,
    "r2": 0.9261272125870588
}