{
    "mae": 0.2501178775616184,
    "mse": 0.1538679612016463,
    "rmse": 0.39226006832412386,
    "r2": 0.9261272125870588
}