{
    "mae": 0.25011787756161835,
    "mse": 0.1538679612016463,
    "rmse": 0.39226006832412386,
    "r2": 0.9261272125870588
}