{
    "n_estimators": 236,
    "learning_rate": 0.09933123188821824,
    "max_depth": 5,
    "subsample": 0.7846176162923534
}