{
    "n_estimators": 196,
    "learning_rate": 0.10309280516665684,
    "max_depth": 6,
    "subsample": 0.6124731149326337
}