{
    "n_estimators": 222,
    "learning_rate": 0.06608385442986422,
    "max_depth": 6,
    "subsample": 0.9452072993318614
}