{
    "n_estimators": 266,
    "learning_rate": 0.042555635968916664,
    "max_depth": 6,
    "subsample": 0.6313050030975794
}