{
    "mae": 0.22512388918969872,
    "mse": 0.1257893442881626,
    "rmse": 0.35466793524106827,
    "r2": 0.9396078987669508
}