{
    "mae": 0.22898211827596632,
    "mse": 0.13165462775404163,
    "rmse": 0.3628424282716144,
    "r2": 0.9367919464711789
}