{
    "mae": 0.22499719008065755,
    "mse": 0.12931784330222196,
    "rmse": 0.35960790216876765,
    "r2": 0.937913848520774
}