{
    "mae": 0.2317513737482775,
    "mse": 0.1314812459199918,
    "rmse": 0.36260342789332783,
    "r2": 0.9368751879677711
}