{
    "mae": 0.23859576109529526,
    "mse": 0.14734407477480238,
    "rmse": 0.3838542363642772,
    "r2": 0.9292593634997808
}