{
    "mae": 0.2379108171294598,
    "mse": 0.14723163805708334,
    "rmse": 0.3837077508431167,
    "r2": 0.9293133449373757
}