{
    "mae": 0.2380891043161733,
    "mse": 0.14688739384752184,
    "rmse": 0.3832589122871402,
    "r2": 0.9294786183257567
}