{
    "mae": 0.23943936827140275,
    "mse": 0.14819424592772454,
    "rmse": 0.3849600575744509,
    "r2": 0.928851192023705
}