{
    "mae": 0.2571262349421004,
    "mse": 0.15510740477527407,
    "rmse": 0.39383677427999797,
    "r2": 0.9255321494503935
}