{
    "mae": 0.25712202586178057,
    "mse": 0.15509403861842885,
    "rmse": 0.393819804756476,
    "r2": 0.9255385666099857
}