{
    "mae": 0.25706007849271956,
    "mse": 0.15495184281220165,
    "rmse": 0.3936392292597394,
    "r2": 0.9256068355366837
}