{
    "mae": 0.25706055961730867,
    "mse": 0.15495337525069983,
    "rmse": 0.39364117575616986,
    "r2": 0.9256060998051998
}