{
    "mae": 0.26123195751076195,
    "mse": 0.15938450130011703,
    "rmse": 0.3992298852792925,
    "r2": 0.9234786937481354
}