{
    "run_id": "b18ce7616f2845deb6ea28edae52ebb5",
    "model_name": "optuna_gradient_boosting",
    "metrics": {
        "mae": 0.23260042562237948,
        "mse": 0.13454531122560826,
        "rmse": 0.3668041864886608,
        "r2": 0.9354041146970691
    }
}