{
    "run_id": "54b955c5168d45cc87019b88354500c3",
    "model_name": "optuna_gradient_boosting",
    "metrics": {
        "mae": 0.22512388918969872,
        "mse": 0.1257893442881626,
        "rmse": 0.35466793524106827,
        "r2": 0.9396078987669508
    }
}