{
    "run_id": "4ed73bc7e3cd4de7a2f0f836e4cc5ba4",
    "model_name": "optuna_gradient_boosting",
    "metrics": {
        "mae": 0.2317513737482775,
        "mse": 0.1314812459199918,
        "rmse": 0.36260342789332783,
        "r2": 0.9368751879677711
    }
}